-- ============================================================================
-- Test Data Seed for CRM_2.0 - Final Version
-- Generated: 2025-01-02
-- ============================================================================

SET search_path TO crm, public;

-- ============================================================================
-- Insert CALCULATIONS (15 records) - Must be before POLICIES
-- ============================================================================
INSERT INTO crm.calculations (id, owner_id, deal_id, insurance_company, program_name, premium_amount, coverage_sum, calculation_date, validity_period, status, files, comments, is_deleted, created_at, updated_at)
VALUES
    ('a90e8400-e29b-41d4-a716-446655440001', '550e8400-e29b-41d4-a716-446655440001', '870e8400-e29b-41d4-a716-446655440001', 'ИНГОССТРАХ', 'Стандарт', 250000.00, 5000000.00, CURRENT_DATE - INTERVAL '60 days', '[2025-01-02, 2026-01-02)', 'approved', '[]', 'Основной вариант', false, NOW() - INTERVAL '58 days', NOW() - INTERVAL '55 days'),
    ('a90e8400-e29b-41d4-a716-446655440002', '550e8400-e29b-41d4-a716-446655440001', '870e8400-e29b-41d4-a716-446655440002', 'АЛЬФАСТРАХОВКА', 'Премиум', 150000.00, 3000000.00, CURRENT_DATE - INTERVAL '28 days', '[2025-01-02, 2026-01-02)', 'draft', '[]', 'Ожидание согласования', false, NOW() - INTERVAL '26 days', NOW() - INTERVAL '24 days'),
    ('a90e8400-e29b-41d4-a716-446655440003', '550e8400-e29b-41d4-a716-446655440002', '870e8400-e29b-41d4-a716-446655440003', 'СОГЛАСИЕ', 'Стандарт', 180000.00, 4000000.00, CURRENT_DATE - INTERVAL '42 days', '[2025-01-02, 2026-01-02)', 'draft', '[]', 'На этапе расчета', false, NOW() - INTERVAL '40 days', NOW() - INTERVAL '38 days'),
    ('a90e8400-e29b-41d4-a716-446655440004', '550e8400-e29b-41d4-a716-446655440002', '870e8400-e29b-41d4-a716-446655440005', 'ТИНЬКОФФ СТРАХОВКА', 'Базовая', 120000.00, 2500000.00, CURRENT_DATE - INTERVAL '48 days', '[2024-11-02, 2025-11-02)', 'rejected', '[]', 'Отклонено', false, NOW() - INTERVAL '46 days', NOW() - INTERVAL '44 days'),
    ('a90e8400-e29b-41d4-a716-446655440005', '550e8400-e29b-41d4-a716-446655440003', '870e8400-e29b-41d4-a716-446655440005', 'ЛИБЕРТИ', 'Оптимум', 135000.00, 3500000.00, CURRENT_DATE - INTERVAL '48 days', '[2025-01-02, 2026-01-02)', 'approved', '[]', 'Согласовано', false, NOW() - INTERVAL '46 days', NOW() - INTERVAL '44 days'),
    ('a90e8400-e29b-41d4-a716-446655440006', '550e8400-e29b-41d4-a716-446655440003', '870e8400-e29b-41d4-a716-446655440006', 'ИНГОССТРАХ', 'Премиум', 350000.00, 8000000.00, CURRENT_DATE - INTERVAL '118 days', '[2024-05-02, 2026-05-02)', 'approved', '[]', 'Полис выдан', false, NOW() - INTERVAL '116 days', NOW() - INTERVAL '114 days'),
    ('a90e8400-e29b-41d4-a716-446655440007', '550e8400-e29b-41d4-a716-446655440004', '870e8400-e29b-41d4-a716-446655440007', 'АЛЬФАСТРАХОВКА', 'ДМС', 280000.00, 6000000.00, CURRENT_DATE - INTERVAL '68 days', '[2025-01-02, 2026-01-02)', 'approved', '[]', 'ДМС согласован', false, NOW() - INTERVAL '66 days', NOW() - INTERVAL '64 days'),
    ('a90e8400-e29b-41d4-a716-446655440008', '550e8400-e29b-41d4-a716-446655440004', '870e8400-e29b-41d4-a716-446655440008', 'ЛИБЕРТИ', 'Стартап', 45000.00, 1000000.00, CURRENT_DATE - INTERVAL '13 days', '[2025-01-02, 2026-01-02)', 'draft', '[]', 'Начальный расчет', false, NOW() - INTERVAL '11 days', NOW() - INTERVAL '9 days'),
    ('a90e8400-e29b-41d4-a716-446655440009', '550e8400-e29b-41d4-a716-446655440005', '870e8400-e29b-41d4-a716-446655440009', 'СОГЛАСИЕ', 'Промышленность', 200000.00, 5000000.00, CURRENT_DATE - INTERVAL '23 days', '[2025-01-02, 2026-01-02)', 'draft', '[]', 'На согласовании', false, NOW() - INTERVAL '21 days', NOW() - INTERVAL '19 days'),
    ('a90e8400-e29b-41d4-a716-44665544000a', '550e8400-e29b-41d4-a716-446655440005', '870e8400-e29b-41d4-a716-44665544000a', 'ТИНЬКОФФ', 'Розница', 95000.00, 2000000.00, CURRENT_DATE - INTERVAL '58 days', '[2025-01-02, 2026-01-02)', 'approved', '[]', 'Одобрен', false, NOW() - INTERVAL '56 days', NOW() - INTERVAL '54 days'),
    ('a90e8400-e29b-41d4-a716-44665544000b', '550e8400-e29b-41d4-a716-446655440006', '870e8400-e29b-41d4-a716-44665544000b', 'ИНГОССТРАХ', 'СМР', 500000.00, 10000000.00, CURRENT_DATE - INTERVAL '33 days', '[2025-01-02, 2027-01-02)', 'draft', '[]', 'Для строительства', false, NOW() - INTERVAL '31 days', NOW() - INTERVAL '29 days'),
    ('a90e8400-e29b-41d4-a716-44665544000c', '550e8400-e29b-41d4-a716-446655440006', '870e8400-e29b-41d4-a716-44665544000c', 'АЛЬФАСТРАХОВКА', 'Авто', 65000.00, 1500000.00, CURRENT_DATE - INTERVAL '16 days', '[2025-01-02, 2026-01-02)', 'draft', '[]', 'Первый КП', false, NOW() - INTERVAL '14 days', NOW() - INTERVAL '12 days'),
    ('a90e8400-e29b-41d4-a716-44665544000d', '550e8400-e29b-41d4-a716-446655440007', '870e8400-e29b-41d4-a716-44665544000d', 'ЛИБЕРТИ', 'НСУ', 170000.00, 3500000.00, CURRENT_DATE - INTERVAL '73 days', '[2025-01-02, 2026-01-02)', 'approved', '[]', 'НСУ согласовано', false, NOW() - INTERVAL '71 days', NOW() - INTERVAL '69 days'),
    ('a90e8400-e29b-41d4-a716-44665544000e', '550e8400-e29b-41d4-a716-446655440007', '870e8400-e29b-41d4-a716-44665544000e', 'СОГЛАСИЕ', 'Отель', 320000.00, 7000000.00, CURRENT_DATE - INTERVAL '28 days', '[2025-01-02, 2026-01-02)', 'draft', '[]', 'На расчете', false, NOW() - INTERVAL '26 days', NOW() - INTERVAL '24 days'),
    ('a90e8400-e29b-41d4-a716-44665544000f', '550e8400-e29b-41d4-a716-446655440008', '870e8400-e29b-41d4-a716-44665544000f', 'ТИНЬКОФФ', 'Профессиональная', 75000.00, 2000000.00, CURRENT_DATE - INTERVAL '98 days', '[2024-07-02, 2026-07-02)', 'approved', '[]', 'Выдан', false, NOW() - INTERVAL '96 days', NOW() - INTERVAL '94 days')
ON CONFLICT DO NOTHING;

-- ============================================================================
-- Insert DEAL_JOURNAL (15 records)
-- ============================================================================
INSERT INTO crm.deal_journal (id, deal_id, author_id, body, created_at)
VALUES
    ('980e8400-e29b-41d4-a716-446655440001', '870e8400-e29b-41d4-a716-446655440001', '550e8400-e29b-41d4-a716-446655440001', 'Инициирована новая сделка', NOW() - INTERVAL '60 days'),
    ('980e8400-e29b-41d4-a716-446655440002', '870e8400-e29b-41d4-a716-446655440001', '550e8400-e29b-41d4-a716-446655440001', 'Отправлено КП', NOW() - INTERVAL '55 days'),
    ('980e8400-e29b-41d4-a716-446655440003', '870e8400-e29b-41d4-a716-446655440001', '550e8400-e29b-41d4-a716-446655440002', 'Согласовано условиями', NOW() - INTERVAL '48 days'),
    ('980e8400-e29b-41d4-a716-446655440004', '870e8400-e29b-41d4-a716-446655440001', '550e8400-e29b-41d4-a716-446655440001', 'Встреча прошла успешно', NOW() - INTERVAL '42 days'),
    ('980e8400-e29b-41d4-a716-446655440005', '870e8400-e29b-41d4-a716-446655440002', '550e8400-e29b-41d4-a716-446655440001', 'Первое КП отправлено', NOW() - INTERVAL '28 days'),
    ('980e8400-e29b-41d4-a716-446655440006', '870e8400-e29b-41d4-a716-446655440002', '550e8400-e29b-41d4-a716-446655440003', 'Запрос скидок', NOW() - INTERVAL '22 days'),
    ('980e8400-e29b-41d4-a716-446655440007', '870e8400-e29b-41d4-a716-446655440005', '550e8400-e29b-41d4-a716-446655440003', 'Техническая встреча', NOW() - INTERVAL '48 days'),
    ('980e8400-e29b-41d4-a716-446655440008', '870e8400-e29b-41d4-a716-446655440005', '550e8400-e29b-41d4-a716-446655440005', 'Договор подписан', NOW() - INTERVAL '35 days'),
    ('980e8400-e29b-41d4-a716-446655440009', '870e8400-e29b-41d4-a716-446655440006', '550e8400-e29b-41d4-a716-446655440003', 'Полис выдан', NOW() - INTERVAL '118 days'),
    ('980e8400-e29b-41d4-a716-44665544000a', '870e8400-e29b-41d4-a716-446655440007', '550e8400-e29b-41d4-a716-446655440004', 'Первичный контакт', NOW() - INTERVAL '70 days'),
    ('980e8400-e29b-41d4-a716-44665544000b', '870e8400-e29b-41d4-a716-446655440007', '550e8400-e29b-41d4-a716-446655440002', 'Встреча назначена', NOW() - INTERVAL '52 days'),
    ('980e8400-e29b-41d4-a716-44665544000c', '870e8400-e29b-41d4-a716-44665544000b', '550e8400-e29b-41d4-a716-446655440006', 'Варианты покрытия', NOW() - INTERVAL '32 days'),
    ('980e8400-e29b-41d4-a716-44665544000d', '870e8400-e29b-41d4-a716-44665544000b', '550e8400-e29b-41d4-a716-446655440006', 'Доработка условий', NOW() - INTERVAL '25 days'),
    ('980e8400-e29b-41d4-a716-44665544000e', '870e8400-e29b-41d4-a716-44665544000d', '550e8400-e29b-41d4-a716-446655440007', 'Активное развитие', NOW() - INTERVAL '65 days'),
    ('980e8400-e29b-41d4-a716-44665544000f', '870e8400-e29b-41d4-a716-44665544000f', '550e8400-e29b-41d4-a716-446655440008', 'Полис активирован', NOW() - INTERVAL '78 days')
ON CONFLICT DO NOTHING;

-- ============================================================================
-- Insert POLICIES (18 records)
-- ============================================================================
INSERT INTO crm.policies (id, owner_id, client_id, deal_id, calculation_id, policy_number, status, premium, effective_from, effective_to, is_deleted, created_at, updated_at)
VALUES
    ('b01e8400-e29b-41d4-a716-446655440001', '550e8400-e29b-41d4-a716-446655440001', '760e8400-e29b-41d4-a716-446655440001', '870e8400-e29b-41d4-a716-446655440001', 'a90e8400-e29b-41d4-a716-446655440001', 'POL-2024-00001', 'issued', 250000.00, CURRENT_DATE - INTERVAL '60 days', CURRENT_DATE + INTERVAL '305 days', false, NOW() - INTERVAL '58 days', NOW() - INTERVAL '55 days'),
    ('b01e8400-e29b-41d4-a716-446655440002', '550e8400-e29b-41d4-a716-446655440001', '760e8400-e29b-41d4-a716-446655440002', '870e8400-e29b-41d4-a716-446655440002', 'a90e8400-e29b-41d4-a716-446655440002', 'POL-2024-00002', 'draft', 150000.00, NULL, NULL, false, NOW() - INTERVAL '26 days', NOW() - INTERVAL '24 days'),
    ('b01e8400-e29b-41d4-a716-446655440003', '550e8400-e29b-41d4-a716-446655440002', '760e8400-e29b-41d4-a716-446655440003', '870e8400-e29b-41d4-a716-446655440003', 'a90e8400-e29b-41d4-a716-446655440003', 'POL-2024-00003', 'draft', 180000.00, NULL, NULL, false, NOW() - INTERVAL '40 days', NOW() - INTERVAL '38 days'),
    ('b01e8400-e29b-41d4-a716-446655440004', '550e8400-e29b-41d4-a716-446655440003', '760e8400-e29b-41d4-a716-446655440005', '870e8400-e29b-41d4-a716-446655440005', 'a90e8400-e29b-41d4-a716-446655440005', 'POL-2024-00004', 'issued', 135000.00, CURRENT_DATE - INTERVAL '48 days', CURRENT_DATE + INTERVAL '317 days', false, NOW() - INTERVAL '46 days', NOW() - INTERVAL '44 days'),
    ('b01e8400-e29b-41d4-a716-446655440005', '550e8400-e29b-41d4-a716-446655440003', '760e8400-e29b-41d4-a716-446655440006', '870e8400-e29b-41d4-a716-446655440006', 'a90e8400-e29b-41d4-a716-446655440006', 'POL-2024-00005', 'issued', 350000.00, CURRENT_DATE - INTERVAL '118 days', CURRENT_DATE + INTERVAL '487 days', false, NOW() - INTERVAL '116 days', NOW() - INTERVAL '114 days'),
    ('b01e8400-e29b-41d4-a716-446655440006', '550e8400-e29b-41d4-a716-446655440004', '760e8400-e29b-41d4-a716-446655440007', '870e8400-e29b-41d4-a716-446655440007', 'a90e8400-e29b-41d4-a716-446655440007', 'POL-2024-00006', 'issued', 280000.00, CURRENT_DATE - INTERVAL '68 days', CURRENT_DATE + INTERVAL '297 days', false, NOW() - INTERVAL '66 days', NOW() - INTERVAL '64 days'),
    ('b01e8400-e29b-41d4-a716-446655440007', '550e8400-e29b-41d4-a716-446655440004', '760e8400-e29b-41d4-a716-446655440008', '870e8400-e29b-41d4-a716-446655440008', 'a90e8400-e29b-41d4-a716-446655440008', 'POL-2024-00007', 'draft', 45000.00, NULL, NULL, false, NOW() - INTERVAL '11 days', NOW() - INTERVAL '9 days'),
    ('b01e8400-e29b-41d4-a716-446655440008', '550e8400-e29b-41d4-a716-446655440005', '760e8400-e29b-41d4-a716-446655440009', '870e8400-e29b-41d4-a716-446655440009', 'a90e8400-e29b-41d4-a716-446655440009', 'POL-2024-00008', 'draft', 200000.00, NULL, NULL, false, NOW() - INTERVAL '21 days', NOW() - INTERVAL '19 days'),
    ('b01e8400-e29b-41d4-a716-446655440009', '550e8400-e29b-41d4-a716-446655440005', '760e8400-e29b-41d4-a716-44665544000a', '870e8400-e29b-41d4-a716-44665544000a', 'a90e8400-e29b-41d4-a716-44665544000a', 'POL-2024-00009', 'issued', 95000.00, CURRENT_DATE - INTERVAL '58 days', CURRENT_DATE + INTERVAL '307 days', false, NOW() - INTERVAL '56 days', NOW() - INTERVAL '54 days'),
    ('b01e8400-e29b-41d4-a716-44665544000a', '550e8400-e29b-41d4-a716-446655440006', '760e8400-e29b-41d4-a716-44665544000b', '870e8400-e29b-41d4-a716-44665544000b', 'a90e8400-e29b-41d4-a716-44665544000b', 'POL-2024-00010', 'draft', 500000.00, NULL, NULL, false, NOW() - INTERVAL '31 days', NOW() - INTERVAL '29 days'),
    ('b01e8400-e29b-41d4-a716-44665544000b', '550e8400-e29b-41d4-a716-446655440006', '760e8400-e29b-41d4-a716-44665544000c', '870e8400-e29b-41d4-a716-44665544000c', 'a90e8400-e29b-41d4-a716-44665544000c', 'POL-2024-00011', 'draft', 65000.00, NULL, NULL, false, NOW() - INTERVAL '14 days', NOW() - INTERVAL '12 days'),
    ('b01e8400-e29b-41d4-a716-44665544000c', '550e8400-e29b-41d4-a716-446655440007', '760e8400-e29b-41d4-a716-44665544000d', '870e8400-e29b-41d4-a716-44665544000d', 'a90e8400-e29b-41d4-a716-44665544000d', 'POL-2024-00012', 'issued', 170000.00, CURRENT_DATE - INTERVAL '73 days', CURRENT_DATE + INTERVAL '292 days', false, NOW() - INTERVAL '71 days', NOW() - INTERVAL '69 days'),
    ('b01e8400-e29b-41d4-a716-44665544000d', '550e8400-e29b-41d4-a716-446655440007', '760e8400-e29b-41d4-a716-44665544000e', '870e8400-e29b-41d4-a716-44665544000e', 'a90e8400-e29b-41d4-a716-44665544000e', 'POL-2024-00013', 'draft', 320000.00, NULL, NULL, false, NOW() - INTERVAL '26 days', NOW() - INTERVAL '24 days'),
    ('b01e8400-e29b-41d4-a716-44665544000e', '550e8400-e29b-41d4-a716-446655440008', '760e8400-e29b-41d4-a716-44665544000f', '870e8400-e29b-41d4-a716-44665544000f', 'a90e8400-e29b-41d4-a716-44665544000f', 'POL-2024-00014', 'issued', 75000.00, CURRENT_DATE - INTERVAL '98 days', CURRENT_DATE + INTERVAL '267 days', false, NOW() - INTERVAL '96 days', NOW() - INTERVAL '94 days'),
    ('b01e8400-e29b-41d4-a716-44665544000f', '550e8400-e29b-41d4-a716-446655440001', '760e8400-e29b-41d4-a716-446655440001', '870e8400-e29b-41d4-a716-446655440001', 'a90e8400-e29b-41d4-a716-446655440001', 'POL-2024-00015', 'issued', 250000.00, CURRENT_DATE - INTERVAL '55 days', CURRENT_DATE + INTERVAL '310 days', false, NOW() - INTERVAL '53 days', NOW() - INTERVAL '50 days'),
    ('b01e8400-e29b-41d4-a716-446655440010', '550e8400-e29b-41d4-a716-446655440002', '760e8400-e29b-41d4-a716-446655440002', '870e8400-e29b-41d4-a716-446655440002', 'a90e8400-e29b-41d4-a716-446655440002', 'POL-2024-00016', 'issued', 150000.00, CURRENT_DATE - INTERVAL '25 days', CURRENT_DATE + INTERVAL '340 days', false, NOW() - INTERVAL '23 days', NOW() - INTERVAL '20 days'),
    ('b01e8400-e29b-41d4-a716-446655440011', '550e8400-e29b-41d4-a716-446655440003', '760e8400-e29b-41d4-a716-446655440003', '870e8400-e29b-41d4-a716-446655440003', 'a90e8400-e29b-41d4-a716-446655440003', 'POL-2024-00017', 'draft', 180000.00, NULL, NULL, false, NOW() - INTERVAL '38 days', NOW() - INTERVAL '35 days'),
    ('b01e8400-e29b-41d4-a716-446655440012', '550e8400-e29b-41d4-a716-446655440009', '760e8400-e29b-41d4-a716-446655440011', '870e8400-e29b-41d4-a716-446655440011', NULL, 'POL-2024-00018', 'draft', NULL, NULL, NULL, false, NOW() - INTERVAL '48 days', NOW() - INTERVAL '45 days')
ON CONFLICT DO NOTHING;

-- ============================================================================
-- Insert PAYMENT_INCOMES (15 records)
-- ============================================================================
INSERT INTO crm.payment_incomes (id, payment_id, amount, currency, category, posted_at, note, created_by_id, updated_by_id, created_at, updated_at)
VALUES
    ('d21e8400-e29b-41d4-a716-446655440001', 'c11e8400-e29b-41d4-a716-446655440001', 250000.00, 'RUB', 'premium', CURRENT_DATE - INTERVAL '60 days', 'Полученная премия', '550e8400-e29b-41d4-a716-446655440001', NULL, NOW() - INTERVAL '58 days', NOW() - INTERVAL '58 days'),
    ('d21e8400-e29b-41d4-a716-446655440002', 'c11e8400-e29b-41d4-a716-446655440003', 135000.00, 'RUB', 'premium', CURRENT_DATE - INTERVAL '48 days', 'Первая премия', '550e8400-e29b-41d4-a716-446655440003', NULL, NOW() - INTERVAL '46 days', NOW() - INTERVAL '46 days'),
    ('d21e8400-e29b-41d4-a716-446655440003', 'c11e8400-e29b-41d4-a716-446655440005', 350000.00, 'RUB', 'premium', CURRENT_DATE - INTERVAL '118 days', 'Основная премия', '550e8400-e29b-41d4-a716-446655440003', NULL, NOW() - INTERVAL '116 days', NOW() - INTERVAL '116 days'),
    ('d21e8400-e29b-41d4-a716-446655440004', 'c11e8400-e29b-41d4-a716-446655440006', 280000.00, 'RUB', 'premium', CURRENT_DATE - INTERVAL '68 days', 'ДМС премия', '550e8400-e29b-41d4-a716-446655440004', NULL, NOW() - INTERVAL '66 days', NOW() - INTERVAL '66 days'),
    ('d21e8400-e29b-41d4-a716-446655440005', 'c11e8400-e29b-41d4-a716-446655440008', 95000.00, 'RUB', 'premium', CURRENT_DATE - INTERVAL '58 days', 'Розница', '550e8400-e29b-41d4-a716-446655440005', NULL, NOW() - INTERVAL '56 days', NOW() - INTERVAL '56 days'),
    ('d21e8400-e29b-41d4-a716-446655440006', 'c11e8400-e29b-41d4-a716-44665544000b', 170000.00, 'RUB', 'premium', CURRENT_DATE - INTERVAL '73 days', 'НСУ премия', '550e8400-e29b-41d4-a716-446655440007', NULL, NOW() - INTERVAL '71 days', NOW() - INTERVAL '71 days'),
    ('d21e8400-e29b-41d4-a716-446655440007', 'c11e8400-e29b-41d4-a716-44665544000d', 75000.00, 'RUB', 'premium', CURRENT_DATE - INTERVAL '98 days', 'Профессиональная', '550e8400-e29b-41d4-a716-446655440008', NULL, NOW() - INTERVAL '96 days', NOW() - INTERVAL '96 days'),
    ('d21e8400-e29b-41d4-a716-446655440008', 'c11e8400-e29b-41d4-a716-44665544000f', 250000.00, 'RUB', 'premium', CURRENT_DATE - INTERVAL '55 days', 'Премиум платеж', '550e8400-e29b-41d4-a716-446655440001', NULL, NOW() - INTERVAL '53 days', NOW() - INTERVAL '53 days'),
    ('d21e8400-e29b-41d4-a716-446655440009', 'c11e8400-e29b-41d4-a716-446655440010', 150000.00, 'RUB', 'premium', CURRENT_DATE - INTERVAL '25 days', 'Основной платеж', '550e8400-e29b-41d4-a716-446655440001', NULL, NOW() - INTERVAL '23 days', NOW() - INTERVAL '23 days'),
    ('d21e8400-e29b-41d4-a716-44665544000a', 'c11e8400-e29b-41d4-a716-446655440001', 250000.00, 'RUB', 'commission', CURRENT_DATE - INTERVAL '59 days', 'Комиссия', '550e8400-e29b-41d4-a716-446655440001', NULL, NOW() - INTERVAL '57 days', NOW() - INTERVAL '57 days'),
    ('d21e8400-e29b-41d4-a716-44665544000b', 'c11e8400-e29b-41d4-a716-446655440003', 135000.00, 'RUB', 'commission', CURRENT_DATE - INTERVAL '47 days', 'Комиссия', '550e8400-e29b-41d4-a716-446655440003', NULL, NOW() - INTERVAL '45 days', NOW() - INTERVAL '45 days'),
    ('d21e8400-e29b-41d4-a716-44665544000c', 'c11e8400-e29b-41d4-a716-446655440005', 350000.00, 'RUB', 'commission', CURRENT_DATE - INTERVAL '117 days', 'Комиссия', '550e8400-e29b-41d4-a716-446655440003', NULL, NOW() - INTERVAL '115 days', NOW() - INTERVAL '115 days'),
    ('d21e8400-e29b-41d4-a716-44665544000d', 'c11e8400-e29b-41d4-a716-446655440006', 280000.00, 'RUB', 'commission', CURRENT_DATE - INTERVAL '67 days', 'Комиссия', '550e8400-e29b-41d4-a716-446655440004', NULL, NOW() - INTERVAL '65 days', NOW() - INTERVAL '65 days'),
    ('d21e8400-e29b-41d4-a716-44665544000e', 'c11e8400-e29b-41d4-a716-446655440008', 95000.00, 'RUB', 'commission', CURRENT_DATE - INTERVAL '57 days', 'Комиссия', '550e8400-e29b-41d4-a716-446655440005', NULL, NOW() - INTERVAL '55 days', NOW() - INTERVAL '55 days'),
    ('d21e8400-e29b-41d4-a716-44665544000f', 'c11e8400-e29b-41d4-a716-44665544000b', 170000.00, 'RUB', 'commission', CURRENT_DATE - INTERVAL '72 days', 'Комиссия', '550e8400-e29b-41d4-a716-446655440007', NULL, NOW() - INTERVAL '70 days', NOW() - INTERVAL '70 days')
ON CONFLICT DO NOTHING;

-- ============================================================================
-- Insert PAYMENT_EXPENSES (15 records)
-- ============================================================================
INSERT INTO crm.payment_expenses (id, payment_id, amount, currency, category, posted_at, note, created_by_id, updated_by_id, created_at, updated_at)
VALUES
    ('e31e8400-e29b-41d4-a716-446655440001', 'c11e8400-e29b-41d4-a716-446655440001', 15000.00, 'RUB', 'commission', CURRENT_DATE - INTERVAL '60 days', 'Комиссия страховщика', '550e8400-e29b-41d4-a716-446655440001', NULL, NOW() - INTERVAL '58 days', NOW() - INTERVAL '58 days'),
    ('e31e8400-e29b-41d4-a716-446655440002', 'c11e8400-e29b-41d4-a716-446655440003', 8100.00, 'RUB', 'commission', CURRENT_DATE - INTERVAL '48 days', 'Комиссия', '550e8400-e29b-41d4-a716-446655440003', NULL, NOW() - INTERVAL '46 days', NOW() - INTERVAL '46 days'),
    ('e31e8400-e29b-41d4-a716-446655440003', 'c11e8400-e29b-41d4-a716-446655440005', 21000.00, 'RUB', 'commission', CURRENT_DATE - INTERVAL '118 days', 'Комиссия страховщика', '550e8400-e29b-41d4-a716-446655440003', NULL, NOW() - INTERVAL '116 days', NOW() - INTERVAL '116 days'),
    ('e31e8400-e29b-41d4-a716-446655440004', 'c11e8400-e29b-41d4-a716-446655440006', 16800.00, 'RUB', 'commission', CURRENT_DATE - INTERVAL '68 days', 'Комиссия ДМС', '550e8400-e29b-41d4-a716-446655440004', NULL, NOW() - INTERVAL '66 days', NOW() - INTERVAL '66 days'),
    ('e31e8400-e29b-41d4-a716-446655440005', 'c11e8400-e29b-41d4-a716-446655440008', 5700.00, 'RUB', 'commission', CURRENT_DATE - INTERVAL '58 days', 'Комиссия розница', '550e8400-e29b-41d4-a716-446655440005', NULL, NOW() - INTERVAL '56 days', NOW() - INTERVAL '56 days'),
    ('e31e8400-e29b-41d4-a716-446655440006', 'c11e8400-e29b-41d4-a716-44665544000b', 10200.00, 'RUB', 'commission', CURRENT_DATE - INTERVAL '73 days', 'Комиссия НСУ', '550e8400-e29b-41d4-a716-446655440007', NULL, NOW() - INTERVAL '71 days', NOW() - INTERVAL '71 days'),
    ('e31e8400-e29b-41d4-a716-446655440007', 'c11e8400-e29b-41d4-a716-44665544000d', 4500.00, 'RUB', 'commission', CURRENT_DATE - INTERVAL '98 days', 'Комиссия профессиональной', '550e8400-e29b-41d4-a716-446655440008', NULL, NOW() - INTERVAL '96 days', NOW() - INTERVAL '96 days'),
    ('e31e8400-e29b-41d4-a716-446655440008', 'c11e8400-e29b-41d4-a716-44665544000f', 15000.00, 'RUB', 'commission', CURRENT_DATE - INTERVAL '55 days', 'Комиссия премиум', '550e8400-e29b-41d4-a716-446655440001', NULL, NOW() - INTERVAL '53 days', NOW() - INTERVAL '53 days'),
    ('e31e8400-e29b-41d4-a716-446655440009', 'c11e8400-e29b-41d4-a716-446655440010', 9000.00, 'RUB', 'commission', CURRENT_DATE - INTERVAL '25 days', 'Комиссия', '550e8400-e29b-41d4-a716-446655440001', NULL, NOW() - INTERVAL '23 days', NOW() - INTERVAL '23 days'),
    ('e31e8400-e29b-41d4-a716-44665544000a', 'c11e8400-e29b-41d4-a716-446655440001', 2000.00, 'RUB', 'processing', CURRENT_DATE - INTERVAL '60 days', 'Обработка', '550e8400-e29b-41d4-a716-446655440001', NULL, NOW() - INTERVAL '58 days', NOW() - INTERVAL '58 days'),
    ('e31e8400-e29b-41d4-a716-44665544000b', 'c11e8400-e29b-41d4-a716-446655440003', 1200.00, 'RUB', 'processing', CURRENT_DATE - INTERVAL '48 days', 'Обработка', '550e8400-e29b-41d4-a716-446655440003', NULL, NOW() - INTERVAL '46 days', NOW() - INTERVAL '46 days'),
    ('e31e8400-e29b-41d4-a716-44665544000c', 'c11e8400-e29b-41d4-a716-446655440005', 2500.00, 'RUB', 'processing', CURRENT_DATE - INTERVAL '118 days', 'Обработка', '550e8400-e29b-41d4-a716-446655440003', NULL, NOW() - INTERVAL '116 days', NOW() - INTERVAL '116 days'),
    ('e31e8400-e29b-41d4-a716-44665544000d', 'c11e8400-e29b-41d4-a716-446655440006', 1800.00, 'RUB', 'processing', CURRENT_DATE - INTERVAL '68 days', 'Обработка', '550e8400-e29b-41d4-a716-446655440004', NULL, NOW() - INTERVAL '66 days', NOW() - INTERVAL '66 days'),
    ('e31e8400-e29b-41d4-a716-44665544000e', 'c11e8400-e29b-41d4-a716-446655440008', 800.00, 'RUB', 'processing', CURRENT_DATE - INTERVAL '58 days', 'Обработка', '550e8400-e29b-41d4-a716-446655440005', NULL, NOW() - INTERVAL '56 days', NOW() - INTERVAL '56 days'),
    ('e31e8400-e29b-41d4-a716-44665544000f', 'c11e8400-e29b-41d4-a716-44665544000b', 1500.00, 'RUB', 'processing', CURRENT_DATE - INTERVAL '73 days', 'Обработка', '550e8400-e29b-41d4-a716-446655440007', NULL, NOW() - INTERVAL '71 days', NOW() - INTERVAL '71 days')
ON CONFLICT DO NOTHING;

-- ============================================================================
-- Insert TASKS (20 records)
-- ============================================================================
SET search_path TO tasks, public;

INSERT INTO tasks.tasks (id, title, description, status_code, due_at, scheduled_for, payload, assignee_id, author_id, deal_id, policy_id, payment_id, completed_at, cancelled_reason, created_at, updated_at)
VALUES
    ('f41e8400-e29b-41d4-a716-446655440001', 'Подготовить КП', 'Составить коммерческое предложение', 'open', NOW() + INTERVAL '3 days', NULL, '{}', '550e8400-e29b-41d4-a716-446655440001', '550e8400-e29b-41d4-a716-446655440001', '870e8400-e29b-41d4-a716-446655440001', NULL, NULL, NULL, NULL, NOW() - INTERVAL '5 days', NOW() - INTERVAL '3 days'),
    ('f41e8400-e29b-41d4-a716-446655440002', 'Звонок клиенту', 'Уточнить требования', 'open', NOW() + INTERVAL '1 day', NULL, '{}', '550e8400-e29b-41d4-a716-446655440002', '550e8400-e29b-41d4-a716-446655440001', '870e8400-e29b-41d4-a716-446655440002', NULL, NULL, NULL, NULL, NOW() - INTERVAL '4 days', NOW() - INTERVAL '2 days'),
    ('f41e8400-e29b-41d4-a716-446655440003', 'Встреча с руководством', 'Презентация вариантов', 'scheduled', NOW() + INTERVAL '7 days', NOW() + INTERVAL '7 days', '{}', '550e8400-e29b-41d4-a716-446655440003', '550e8400-e29b-41d4-a716-446655440002', '870e8400-e29b-41d4-a716-446655440003', NULL, NULL, NULL, NULL, NOW() - INTERVAL '15 days', NOW() - INTERVAL '8 days'),
    ('f41e8400-e29b-41d4-a716-446655440004', 'Оформить полис', 'Подготовить документы', 'done', NOW() - INTERVAL '10 days', NULL, '{}', '550e8400-e29b-41d4-a716-446655440001', '550e8400-e29b-41d4-a716-446655440001', '870e8400-e29b-41d4-a716-446655440001', 'b01e8400-e29b-41d4-a716-446655440001', NULL, NOW() - INTERVAL '11 days', NULL, NOW() - INTERVAL '60 days', NOW() - INTERVAL '11 days'),
    ('f41e8400-e29b-41d4-a716-446655440005', 'Согласование условий', 'Обсудить финальные условия', 'in_progress', NOW() + INTERVAL '5 days', NULL, '{}', '550e8400-e29b-41d4-a716-446655440002', '550e8400-e29b-41d4-a716-446655440002', '870e8400-e29b-41d4-a716-446655440005', NULL, NULL, NULL, NULL, NOW() - INTERVAL '35 days', NOW() - INTERVAL '10 days'),
    ('f41e8400-e29b-41d4-a716-446655440006', 'Проверка документов', 'Верификация учредительных документов', 'open', NOW() + INTERVAL '2 days', NULL, '{}', '550e8400-e29b-41d4-a716-446655440003', '550e8400-e29b-41d4-a716-446655440002', '870e8400-e29b-41d4-a716-446655440007', NULL, NULL, NULL, NULL, NOW() - INTERVAL '30 days', NOW() - INTERVAL '1 day'),
    ('f41e8400-e29b-41d4-a716-446655440007', 'Подготовить отчет', 'Составить финансовый отчет', 'in_progress', NOW() + INTERVAL '6 days', NULL, '{}', '550e8400-e29b-41d4-a716-446655440005', '550e8400-e29b-41d4-a716-446655440001', '870e8400-e29b-41d4-a716-446655440001', NULL, NULL, NULL, NULL, NOW() - INTERVAL '40 days', NOW() - INTERVAL '5 days'),
    ('f41e8400-e29b-41d4-a716-446655440008', 'Отправить счет', 'Направить счет на оплату', 'done', NOW() - INTERVAL '55 days', NULL, '{}', '550e8400-e29b-41d4-a716-446655440001', '550e8400-e29b-41d4-a716-446655440001', '870e8400-e29b-41d4-a716-446655440005', NULL, 'c11e8400-e29b-41d4-a716-446655440003', NOW() - INTERVAL '47 days', NULL, NOW() - INTERVAL '48 days', NOW() - INTERVAL '47 days'),
    ('f41e8400-e29b-41d4-a716-446655440009', 'Встреча с финансовым директором', 'Обсуждение бюджета', 'open', NOW() + INTERVAL '4 days', NULL, '{}', '550e8400-e29b-41d4-a716-446655440006', '550e8400-e29b-41d4-a716-446655440003', '870e8400-e29b-41d4-a716-446655440009', NULL, NULL, NULL, NULL, NOW() - INTERVAL '20 days', NOW() - INTERVAL '5 days'),
    ('f41e8400-e29b-41d4-a716-44665544000a', 'Отправить подтверждение', 'Направить подтверждение получения', 'done', NOW() - INTERVAL '55 days', NULL, '{}', '550e8400-e29b-41d4-a716-446655440001', '550e8400-e29b-41d4-a716-446655440001', '870e8400-e29b-41d4-a716-446655440005', NULL, NULL, NOW() - INTERVAL '48 days', NULL, NOW() - INTERVAL '56 days', NOW() - INTERVAL '48 days'),
    ('f41e8400-e29b-41d4-a716-44665544000b', 'Анализ рисков', 'Провести анализ рисков', 'open', NOW() + INTERVAL '8 days', NULL, '{}', '550e8400-e29b-41d4-a716-446655440007', '550e8400-e29b-41d4-a716-446655440002', '870e8400-e29b-41d4-a716-44665544000b', NULL, NULL, NULL, NULL, NOW() - INTERVAL '50 days', NOW() - INTERVAL '2 days'),
    ('f41e8400-e29b-41d4-a716-44665544000c', 'Запрос дополнительной информации', 'Уточнить параметры объекта', 'open', NOW() + INTERVAL '2 days', NULL, '{}', '550e8400-e29b-41d4-a716-446655440003', '550e8400-e29b-41d4-a716-446655440002', '870e8400-e29b-41d4-a716-44665544000c', NULL, NULL, NULL, NULL, NOW() - INTERVAL '18 days', NOW() - INTERVAL '3 days'),
    ('f41e8400-e29b-41d4-a716-44665544000d', 'Согласование с управлением', 'Передать КП руководству', 'in_progress', NOW() + INTERVAL '1 day', NULL, '{}', '550e8400-e29b-41d4-a716-446655440006', '550e8400-e29b-41d4-a716-446655440001', '870e8400-e29b-41d4-a716-44665544000d', NULL, NULL, NULL, NULL, NOW() - INTERVAL '12 days', NOW() - INTERVAL '4 days'),
    ('f41e8400-e29b-41d4-a716-44665544000e', 'Осмотр объекта', 'Провести инспекцию имущества', 'scheduled', NOW() + INTERVAL '10 days', NOW() + INTERVAL '10 days', '{}', '550e8400-e29b-41d4-a716-446655440004', '550e8400-e29b-41d4-a716-446655440003', '870e8400-e29b-41d4-a716-44665544000e', NULL, NULL, NULL, NULL, NOW() - INTERVAL '28 days', NOW() - INTERVAL '15 days'),
    ('f41e8400-e29b-41d4-a716-44665544000f', 'Подготовка договора', 'Составить договор', 'done', NOW() - INTERVAL '98 days', NULL, '{}', '550e8400-e29b-41d4-a716-446655440008', '550e8400-e29b-41d4-a716-446655440004', '870e8400-e29b-41d4-a716-44665544000f', NULL, NULL, NOW() - INTERVAL '76 days', NULL, NOW() - INTERVAL '100 days', NOW() - INTERVAL '76 days'),
    ('f41e8400-e29b-41d4-a716-446655440010', 'Отправка страховщику', 'Направить документы', 'done', NOW() - INTERVAL '93 days', NULL, '{}', '550e8400-e29b-41d4-a716-446655440001', '550e8400-e29b-41d4-a716-446655440004', '870e8400-e29b-41d4-a716-44665544000f', 'b01e8400-e29b-41d4-a716-44665544000e', NULL, NOW() - INTERVAL '80 days', NULL, NOW() - INTERVAL '95 days', NOW() - INTERVAL '80 days'),
    ('f41e8400-e29b-41d4-a716-446655440011', 'Мониторинг платежей', 'Отслеживать платежи', 'open', NOW() + INTERVAL '305 days', NULL, '{}', '550e8400-e29b-41d4-a716-446655440001', '550e8400-e29b-41d4-a716-446655440001', '870e8400-e29b-41d4-a716-446655440011', 'b01e8400-e29b-41d4-a716-446655440001', 'c11e8400-e29b-41d4-a716-446655440001', NULL, NULL, NOW() - INTERVAL '58 days', NOW() - INTERVAL '20 days'),
    ('f41e8400-e29b-41d4-a716-446655440012', 'Напоминание клиенту', 'Направить уведомление', 'pending', NOW() + INTERVAL '300 days', NOW() + INTERVAL '300 days', '{}', '550e8400-e29b-41d4-a716-446655440001', '550e8400-e29b-41d4-a716-446655440001', '870e8400-e29b-41d4-a716-446655440011', 'b01e8400-e29b-41d4-a716-446655440001', NULL, NULL, NULL, NOW() - INTERVAL '55 days', NOW() - INTERVAL '55 days'),
    ('f41e8400-e29b-41d4-a716-446655440013', 'Подтверждение платежа', 'Проверить поступление платежа', 'done', NOW() - INTERVAL '58 days', NULL, '{}', '550e8400-e29b-41d4-a716-446655440001', '550e8400-e29b-41d4-a716-446655440001', '870e8400-e29b-41d4-a716-446655440001', 'b01e8400-e29b-41d4-a716-446655440001', 'c11e8400-e29b-41d4-a716-446655440001', NOW() - INTERVAL '57 days', NULL, NOW() - INTERVAL '58 days', NOW() - INTERVAL '57 days'),
    ('f41e8400-e29b-41d4-a716-446655440014', 'Подготовка счета', 'Выставить счет на оплату', 'done', NOW() - INTERVAL '20 days', NULL, '{}', '550e8400-e29b-41d4-a716-446655440001', '550e8400-e29b-41d4-a716-446655440001', '870e8400-e29b-41d4-a716-446655440002', NULL, 'c11e8400-e29b-41d4-a716-446655440010', NOW() - INTERVAL '19 days', NULL, NOW() - INTERVAL '23 days', NOW() - INTERVAL '19 days')
ON CONFLICT DO NOTHING;

-- ============================================================================
-- Summary
-- ============================================================================
\c crm postgres
SET search_path TO crm, public;

SELECT 'TEST DATA LOADED SUCCESSFULLY! ✅' as result;
